6963_W184_T1_000000006963000_20210527_08_13_35_858.pcd,870.01,530.01,379.09,309.01,559.24,134621.99,1459.11,323.87,327.60,558.69,581.15,136897.89,149724.75,1458.77,1482.78,325.39,323.13,587.62,595.79,153581.20,157744.16,1509.88,1531.97,325.17,326.11,553.68,573.96,136990.90,145953.08,1426.40,1471.53,335.28,320.48,458.20,134978.63,1440.49,332.39,19.31,368.49,308.32,563.55,16.60,588.44,538.96,0.57,0.02,0.59,0.54,147650.25,8271.89,158964.48,135827.95,1489.38,37.58,1540.35,1417.85,184, 1
6963_W184_T1_000000006963000_20210527_08_13_35_990.pcd,980.01,600.01,361.43,294.86,540.10,116187.71,1433.56,297.13,315.68,561.59,595.17,119380.19,147053.41,1441.21,1500.53,320.53,321.59,590.37,590.68,152883.07,156647.64,1508.51,1525.93,320.19,321.34,544.44,568.67,134463.34,144349.51,1420.49,1470.84,347.80,315.13,442.79,113342.69,1253.42,322.48,16.13,354.20,291.21,553.01,40.69,585.46,457.01,0.57,0.05,0.69,0.52,139899.58,15121.07,157090.76,117388.62,1455.04,76.39,1541.41,1296.50,184, 1
6963_W184_T1_000000006963000_20210527_08_13_36_028.pcd,1000.01,610.01,357.31,287.37,518.72,112625.22,1393.57,291.64,311.05,546.61,589.99,114796.52,145370.32,1405.43,1491.62,318.78,322.09,586.60,588.42,152074.09,156346.83,1502.35,1523.37,320.75,321.69,544.57,564.30,135547.00,144302.10,1421.52,1470.83,346.78,313.45,451.04,114791.34,1240.25,321.29,16.85,351.18,285.30,558.53,25.68,579.29,501.00,0.56,0.03,0.63,0.51,141667.74,14416.33,156889.24,115585.37,1464.03,56.95,1530.99,1340.92,184, 1
6963_W184_T1_000000006963000_20210527_08_13_36_112.pcd,1020.01,590.01,343.90,270.24,516.17,109976.50,1341.72,277.30,305.42,545.01,580.81,117316.49,143809.65,1390.66,1465.89,321.14,325.95,589.29,595.10,153040.06,157148.33,1500.62,1520.63,320.23,322.27,521.15,581.69,126050.72,146168.05,1346.64,1470.68,341.06,312.87,449.06,113959.24,1230.88,315.85,17.51,339.22,273.10,556.45,31.44,587.48,485.90,0.56,0.04,0.65,0.51,141162.94,15111.71,157256.40,114339.62,1451.41,71.07,1526.92,1298.03,184, 1
6963_W184_T1_000000006963000_20210527_08_13_36_159.pcd,1030.01,600.01,347.04,273.34,547.81,114189.75,1419.71,278.50,305.85,559.89,574.68,118074.51,142025.44,1430.48,1452.10,320.20,325.56,582.19,587.01,151069.14,155468.67,1481.52,1505.01,320.23,321.89,526.18,572.30,128639.71,144880.34,1369.35,1463.18,341.05,313.69,465.93,115763.93,1283.04,316.22,17.67,341.41,274.52,550.28,27.00,577.46,502.14,0.56,0.04,0.63,0.50,138928.76,13966.12,155924.31,116445.80,1439.80,51.09,1507.32,1349.25,184, 1
7016_W198_T2_000000007016000_20210527_08_18_12_986.pcd,810.01,460.00,370.88,319.72,538.52,147375.78,1460.21,320.85,320.48,586.45,598.66,154096.49,157445.26,1504.44,1538.78,327.89,328.06,596.72,606.61,159109.03,162723.12,1534.47,1548.79,341.30,334.04,563.08,586.05,150871.00,157040.36,1481.64,1521.28,352.32,331.65,531.38,150196.33,1477.35,336.67,14.18,363.74,317.31,575.94,17.80,601.52,546.50,0.56,0.02,0.61,0.54,156607.11,4798.87,164890.52,150012.13,1518.38,31.08,1560.21,1468.54,198, 2
7016_W198_T2_000000007016000_20210527_08_18_13_033.pcd,840.01,450.00,376.70,316.43,569.81,150347.52,1482.11,319.34,322.83,595.52,617.07,154095.31,161451.36,1524.35,1554.78,326.81,329.15,605.08,613.19,161391.89,165034.54,1553.11,1576.69,320.67,326.24,554.37,587.82,145727.96,157200.02,1434.12,1530.73,353.53,317.53,534.24,144633.99,1413.59,334.22,17.21,368.09,313.69,568.87,36.02,615.04,504.59,0.58,0.06,0.70,0.51,155198.20,7977.91,165435.74,139779.67,1516.14,55.18,1587.72,1426.53,198, 2
7016_W198_T2_000000007016000_20210527_08_18_13_134.pcd,890.01,490.00,381.03,314.13,605.17,152737.05,1559.36,320.56,326.67,629.67,604.51,153256.04,160583.69,1600.18,1543.85,324.94,325.73,601.01,606.89,161539.56,165669.14,1548.04,1576.82,314.66,318.00,560.37,593.80,141833.97,155158.75,1435.68,1525.64,366.19,316.38,489.42,131160.77,1351.17,335.00,22.01,368.56,307.05,589.27,19.23,613.21,551.98,0.54,0.02,0.57,0.52,157652.43,7711.45,168020.15,141723.96,1536.16,50.37,1605.70,1432.00,198, 2
7016_W198_T2_000000007016000_20210527_08_18_13_239.pcd,930.01,580.01,379.06,311.72,470.86,119076.84,1324.22,312.62,323.72,492.79,591.25,122173.67,152015.17,1337.20,1523.91,328.44,331.93,591.92,597.75,155801.64,160302.86,1524.11,1543.32,317.92,322.66,577.61,582.37,148855.52,153110.20,1481.91,1499.89,365.66,315.55,484.30,126567.17,1321.08,336.75,21.99,372.72,304.00,555.90,39.39,596.50,476.47,0.58,0.03,0.64,0.55,146596.51,13851.06,162503.93,120113.09,1468.74,80.28,1557.26,1320.51,198, 2
7016_W198_T2_000000007016000_20210527_08_18_13_299.pcd,930.01,590.01,379.75,305.17,474.76,114969.80,1328.35,309.27,319.95,522.70,579.35,122645.89,147778.75,1378.17,1503.85,332.74,340.22,579.73,585.43,154401.37,160492.57,1507.83,1528.99,321.42,327.46,564.89,570.86,146165.04,151834.89,1465.28,1483.59,358.53,314.44,479.76,125304.58,1333.71,335.49,21.99,375.64,299.41,550.16,30.24,581.83,492.90,0.58,0.02,0.63,0.55,145058.74,14212.82,161913.58,118018.84,1461.84,68.02,1540.77,1348.74,198, 2
7016_W198_T2_000000007016000_20210527_08_18_13_337.pcd,980.01,580.01,383.28,299.07,472.12,112638.95,1327.04,304.08,315.26,525.22,578.98,123445.90,145893.10,1381.36,1494.50,334.37,341.08,588.06,598.26,156464.79,161487.83,1511.48,1529.39,317.85,331.85,523.54,582.42,133201.59,155695.89,1370.01,1506.17,356.42,311.41,474.72,125053.07,1337.75,333.37,21.74,374.42,295.65,553.60,37.40,601.19,490.43,0.58,0.03,0.63,0.53,145141.11,15541.34,164591.69,116237.08,1460.32,70.60,1545.76,1339.83,198, 2
7016_W198_T2_000000007016000_20210527_08_18_13_437.pcd,1000.01,580.01,382.50,298.69,458.94,112823.28,1306.85,297.35,310.15,524.90,594.35,121436.53,148023.00,1358.44,1514.25,328.00,333.47,588.68,594.18,154582.96,158794.74,1509.34,1527.31,314.54,327.15,514.92,580.40,128802.24,152745.01,1351.83,1488.54,354.04,310.64,481.06,125174.88,1337.72,330.95,24.73,379.39,286.47,554.82,38.05,590.91,481.79,0.57,0.03,0.62,0.51,143669.64,15433.47,160875.05,113636.86,1457.88,80.48,1540.09,1310.62,198, 2
7016_W198_T2_000000007016000_20210527_08_18_13_484.pcd,950.01,530.01,390.65,301.86,504.31,124289.58,1368.58,292.91,307.27,554.68,596.41,131462.20,148010.55,1419.54,1514.95,320.76,324.84,584.12,592.40,151757.15,155715.12,1497.53,1517.09,310.00,321.42,533.20,571.82,132464.53,149916.35,1404.36,1472.34,355.04,306.95,510.85,129402.03,1377.96,330.48,27.59,388.51,288.20,564.71,20.27,590.23,524.79,0.55,0.02,0.58,0.51,145849.03,9515.60,156075.71,126347.64,1475.22,43.12,1521.84,1391.38,198, 2
7016_W198_T2_000000007016000_20210527_08_18_13_624.pcd,940.01,360.00,389.13,295.05,581.60,145805.39,1478.56,307.66,308.22,616.03,608.85,151822.58,151224.80,1571.36,1528.97,309.20,313.69,603.00,611.69,150788.49,155699.98,1512.56,1542.96,309.63,313.51,542.20,582.08,135721.41,149015.52,1397.71,1481.00,365.02,308.84,485.24,129382.78,1333.72,331.13,29.16,383.92,294.68,567.11,36.25,603.09,504.31,0.55,0.04,0.63,0.51,147118.44,7824.67,156591.02,135128.95,1479.91,59.08,1547.79,1391.85,198, 2
7016_W198_T2_000000007016000_20210527_08_18_13_669.pcd,930.01,470.00,389.58,297.38,569.23,142626.57,1489.54,307.16,306.42,587.08,609.17,146717.45,150444.44,1540.58,1526.72,310.35,314.11,606.20,614.40,152642.38,156747.82,1530.08,1552.65,309.96,313.06,560.96,581.68,140680.46,149888.71,1451.28,1496.09,369.46,309.75,493.64,129091.48,1357.10,332.90,30.41,383.20,297.74,583.77,24.78,606.83,534.06,0.53,0.03,0.58,0.50,149156.96,6858.55,156962.59,135076.14,1508.60,46.42,1559.33,1412.75,198, 2
5047_W279_T2_20210930_08_11_41_893_299.84kg_3.0type_Clipped_c1.pcd,980.01,570.01,428.62,352.13,593.00,159054.64,1587.87,357.50,388.55,617.69,637.16,176881.71,200330.48,1615.61,1675.01,389.20,388.10,629.11,629.95,203037.43,204892.82,1678.10,1686.79,381.60,386.86,604.34,618.35,185700.47,199036.81,1620.99,1662.32,422.78,376.17,594.09,183164.87,1597.82,392.08,20.84,425.21,347.58,611.46,34.49,667.67,540.44,0.63,0.05,0.76,0.58,195101.00,12698.93,220587.13,162616.19,1653.59,73.34,1813.23,1504.86,279, 2
5047_W279_T2_20210930_08_11_41_893_299.84kg_3.0type_Clipped_c2.pcd,1000.01,570.01,428.25,351.03,599.75,159847.25,1601.94,354.44,389.57,610.34,641.65,173429.01,201925.33,1607.99,1694.62,389.07,387.45,633.14,633.01,203688.58,204720.43,1682.62,1688.04,380.87,386.11,597.14,614.92,184136.08,196510.25,1614.65,1660.28,424.65,376.35,588.77,182149.13,1606.38,392.13,21.61,424.44,347.07,605.84,32.14,646.58,542.36,0.64,0.06,0.77,0.58,194659.75,13157.13,218902.84,163390.70,1648.83,57.39,1752.30,1543.66,279, 2
5047_W279_T2_20210930_08_11_41_934_312.48kg_2.9type_Clipped.pcd,1010.01,590.01,428.82,347.30,583.17,157688.86,1550.59,356.09,386.87,609.96,636.59,174647.84,200721.04,1593.73,1680.35,389.00,388.82,627.56,627.14,203532.92,205130.33,1674.88,1679.32,381.42,389.14,599.53,615.12,183276.94,197424.94,1615.78,1652.98,427.77,374.27,589.44,182470.69,1618.61,391.69,21.68,425.70,346.13,614.08,13.87,636.91,591.35,0.61,0.02,0.64,0.58,193029.13,14597.58,206200.45,161414.61,1646.92,43.91,1691.25,1554.08,279, 2
5047_W279_T2_20210930_08_11_41_934_312.48kg_2.9type_Clipped_c3.pcd,1020.01,570.01,429.66,345.56,568.92,157667.54,1538.24,351.67,387.51,601.94,638.39,170427.97,201151.99,1583.78,1675.48,389.28,389.11,630.52,631.69,203742.55,205449.16,1676.72,1685.14,382.20,389.77,603.40,622.48,184039.79,198519.22,1633.41,1663.94,428.44,376.20,592.23,180930.61,1637.97,391.93,22.24,425.66,345.06,610.01,41.34,707.60,512.66,0.64,0.05,0.78,0.59,197035.82,16386.41,236805.44,162201.11,1634.72,93.21,1810.83,1384.87,279, 2
5047_W279_T2_20210930_08_11_42_021_332.50kg_3.4type_Clipped.pcd,1000.01,600.01,414.94,334.64,585.76,150295.53,1608.01,355.68,397.81,598.99,644.57,168371.74,207000.10,1612.94,1690.23,398.61,398.72,641.31,644.76,211007.08,212460.05,1700.15,1716.99,385.86,392.64,615.66,632.30,190051.20,200811.81,1652.90,1687.68,434.64,378.61,596.57,183035.33,1608.10,392.14,21.69,432.85,334.99,621.28,19.56,644.83,587.79,0.61,0.02,0.63,0.57,196698.15,18676.25,213914.70,155317.53,1674.04,38.69,1725.96,1605.41,279, 2
5047_W279_T2_20210930_08_11_42_021_332.50kg_3.4type_Clipped_c1.pcd,1060.01,620.01,414.69,335.52,578.10,149200.66,1652.81,345.12,384.91,578.51,622.21,156278.24,194038.80,1620.27,1639.26,397.76,399.15,633.27,633.85,209368.86,211830.57,1692.47,1694.67,386.59,396.96,619.85,633.60,190373.90,208208.79,1652.44,1703.16,434.90,379.54,599.02,181757.32,1625.83,392.58,21.48,432.01,337.65,616.72,20.63,635.05,573.96,0.62,0.01,0.63,0.59,196308.72,19896.60,212325.77,153151.35,1668.97,40.67,1706.51,1593.93,279, 2
5047_W279_T2_20210930_08_11_42_177_298.78kg_2.1type_Clipped.pcd,1020.01,640.01,406.36,306.58,559.28,135155.08,1516.29,324.45,405.38,582.72,637.49,150414.68,204849.39,1542.80,1691.76,411.60,411.16,632.92,633.27,213994.39,218826.20,1706.24,1715.81,390.30,397.48,624.53,627.72,196208.23,204525.85,1651.74,1674.54,430.07,376.49,601.91,177739.57,1611.73,387.55,29.32,426.98,308.26,614.49,20.79,636.63,573.03,0.62,0.04,0.66,0.54,195335.49,25733.55,219960.10,140613.54,1653.64,64.07,1711.91,1536.81,279, 2
5047_W279_T2_20210930_08_11_42_177_298.78kg_2.1type_Clipped_c1.pcd,1050.01,650.01,405.97,311.19,560.48,134174.72,1490.43,317.24,403.65,582.18,632.62,144546.92,201992.99,1541.80,1688.71,410.82,413.47,630.36,631.92,212130.53,219033.90,1704.95,1723.53,392.24,399.36,615.31,622.62,196966.35,205651.75,1641.09,1668.85,429.25,377.11,598.12,177588.88,1591.13,389.05,29.00,425.73,309.64,610.88,21.34,634.53,569.93,0.63,0.04,0.66,0.54,194456.58,26589.60,219017.25,138831.34,1650.23,70.07,1720.88,1529.92,279, 2
5047_W279_T2_20210930_08_11_42_177_298.78kg_2.1type_Clipped_c2.pcd,1030.01,640.01,406.34,308.23,562.97,136887.14,1512.85,318.31,406.24,571.58,636.87,144060.31,205525.06,1510.49,1694.73,410.11,411.16,632.16,631.39,212759.04,218744.64,1703.11,1714.07,391.53,396.73,611.16,618.09,195559.80,202614.50,1651.80,1667.60,429.32,375.95,599.39,176695.68,1616.13,387.51,28.80,425.50,308.71,610.50,22.76,637.16,565.72,0.63,0.03,0.66,0.55,195161.09,25609.84,220030.61,141001.14,1652.04,71.04,1723.52,1509.83,279, 2
5382_W295_T3_20210930_08_15_24_846_243.27kg_2.4type_Clipped_c1.pcd,1000.01,490.00,436.07,336.59,546.92,148223.58,1457.49,335.47,342.91,566.39,618.47,154926.35,177487.23,1509.87,1606.60,348.80,351.29,640.69,650.92,188440.77,193483.13,1664.40,1693.10,351.66,348.73,621.69,644.45,180267.67,190248.69,1631.62,1677.68,421.33,344.28,611.91,179605.52,1617.70,375.38,34.77,432.02,331.51,617.27,31.11,645.96,555.56,0.56,0.02,0.60,0.54,180676.15,14473.87,194492.27,152326.58,1628.83,69.06,1699.12,1501.28,295, 3
5382_W295_T3_20210930_08_15_24_846_243.27kg_2.4type_Clipped_c3.pcd,1030.01,550.01,435.44,337.59,541.77,147684.03,1468.48,335.77,343.70,569.41,615.72,154828.65,177739.15,1513.37,1605.74,348.86,350.60,637.95,650.57,187530.48,193091.21,1657.56,1690.01,356.59,347.05,617.67,627.53,181501.88,184734.76,1630.12,1639.54,421.46,353.78,592.05,177569.04,1610.29,375.61,35.34,431.19,331.51,614.63,27.64,643.56,556.67,0.56,0.02,0.60,0.54,179759.79,13180.34,193633.17,152044.04,1619.88,60.76,1694.61,1503.49,295, 3
5382_W295_T3_20210930_08_15_24_911_278.50kg_2.9type_Clipped_c1.pcd,1040.01,590.01,427.54,333.66,542.28,145911.61,1492.52,345.84,339.89,553.83,609.13,147068.62,175834.11,1524.73,1588.31,343.26,345.92,632.06,649.78,185389.36,192297.23,1643.66,1683.38,350.20,344.98,622.05,634.12,182391.14,188354.64,1625.05,1671.30,437.02,371.43,572.45,177409.67,1590.78,378.04,38.04,434.09,332.19,612.58,30.05,646.86,548.60,0.56,0.02,0.60,0.53,179842.70,13782.77,193336.29,149331.62,1622.25,64.43,1690.43,1502.65,295, 3
5382_W295_T3_20210930_08_15_24_911_278.50kg_2.9type_Clipped_c3.pcd,1040.01,600.01,427.65,335.95,532.33,145996.94,1526.57,344.07,339.91,550.21,609.17,147645.86,175316.30,1528.20,1581.69,343.48,346.01,634.29,651.15,185690.21,191896.05,1647.45,1685.65,350.65,344.56,623.63,634.73,181752.91,188385.94,1630.31,1676.80,436.93,370.36,582.80,177828.61,1591.66,378.17,38.06,433.88,332.46,609.97,32.26,648.95,547.90,0.57,0.04,0.67,0.53,179926.76,13222.32,192870.58,148975.13,1624.83,60.56,1694.24,1514.75,295, 3
5382_W295_T3_20210930_08_15_24_977_314.15kg_2.7type_Clipped_c2.pcd,1040.01,600.01,416.09,327.91,527.43,136905.98,1485.52,338.63,352.49,545.14,629.40,138117.77,179682.86,1493.08,1611.67,356.88,359.95,642.08,661.10,189740.24,204366.96,1659.11,1731.38,362.72,360.14,622.53,634.93,189870.48,195075.83,1639.07,1675.57,439.65,381.59,578.48,181084.60,1574.50,379.99,34.33,437.01,330.30,612.54,39.95,663.32,532.53,0.58,0.04,0.67,0.54,182527.42,20848.50,206159.30,138973.23,1626.65,86.56,1747.43,1482.32,295, 3
5382_W295_T3_20210930_08_15_25_055_314.26kg_3.0type_Clipped_c2.pcd,1000.01,550.01,415.59,318.05,544.52,136574.44,1485.75,331.91,358.47,556.82,628.79,137914.74,181359.80,1497.98,1620.22,367.50,377.13,638.82,657.33,193613.09,210036.38,1661.65,1725.64,372.04,369.90,635.32,645.38,196873.95,203887.10,1674.18,1704.91,441.21,382.21,615.92,190988.31,1668.64,384.49,33.96,437.40,320.85,619.39,36.52,654.44,546.61,0.58,0.01,0.59,0.56,186160.23,25412.42,211079.56,139643.29,1635.68,92.12,1732.25,1483.93,295, 3
5382_W295_T3_20210930_08_15_25_055_314.26kg_3.0type_Clipped_c3.pcd,960.01,530.01,415.11,319.29,546.83,138484.05,1497.32,330.76,360.39,564.83,623.33,138976.68,181147.09,1511.71,1605.94,366.96,377.33,630.53,646.86,191755.24,209070.30,1651.74,1723.20,370.37,370.27,637.71,648.65,199242.94,205277.99,1685.79,1711.76,441.24,380.72,603.99,188995.87,1619.34,383.84,33.90,437.44,322.16,616.55,32.74,649.63,550.94,0.58,0.01,0.61,0.57,187121.22,23631.10,209211.16,143331.62,1637.78,89.10,1727.86,1495.26,295, 3
5382_W295_T3_20210930_08_15_25_055_314.26kg_3.0type_Clipped_c4.pcd,970.01,530.01,415.68,322.71,558.40,137718.48,1495.56,332.95,356.70,564.47,625.29,138827.21,179016.45,1510.71,1604.91,366.96,378.34,633.62,650.96,191620.95,208788.36,1651.74,1716.97,369.92,370.53,630.96,644.11,197397.58,204847.08,1669.51,1703.58,441.48,377.01,601.44,189494.09,1651.60,384.56,33.03,438.14,325.36,616.47,32.33,648.21,553.91,0.58,0.01,0.60,0.56,185486.71,24520.03,209590.66,140444.89,1632.92,87.61,1721.45,1492.16,295, 3
6081_W241_T2_000000206081000_20211007_08_08_39_672_233.14kg_2.6type_Clipped_c1.pcd,820.01,530.01,408.98,367.06,507.49,159125.73,1483.98,347.46,358.85,601.57,596.52,157952.14,170359.89,1620.42,1610.66,365.89,368.22,609.68,615.48,183370.63,187034.33,1621.22,1631.46,358.81,362.69,593.33,611.94,172732.46,182442.15,1557.66,1612.78,391.81,356.53,575.32,169403.16,1541.14,370.47,17.01,407.99,340.64,592.19,20.48,611.99,543.23,0.61,0.02,0.66,0.57,175379.35,11407.74,187497.19,157215.70,1599.86,38.04,1642.47,1525.17,241, 2
6081_W241_T2_000000206081000_20211007_08_08_39_720_216.13kg_2.3type_Clipped_c2.pcd,930.01,560.01,393.29,326.93,514.75,146022.43,1570.36,332.21,356.45,539.01,573.32,149132.12,169405.50,1524.65,1546.58,370.38,374.33,600.01,609.39,184104.34,188324.56,1595.64,1607.50,358.41,366.57,586.61,595.23,167615.19,179307.97,1553.95,1568.70,386.71,357.96,556.28,160111.65,1596.12,366.15,17.33,392.72,324.87,578.67,25.95,604.01,525.21,0.62,0.00,0.63,0.61,174051.71,14562.24,189573.27,146859.28,1570.61,37.74,1614.84,1498.89,241, 2
6081_W241_T2_000000206081000_20211007_08_08_39_805_234.21kg_2.4type_Clipped.pcd,940.01,600.01,389.60,305.07,521.38,142754.20,1532.03,315.78,359.55,538.58,571.07,144889.42,171003.67,1488.44,1536.13,373.31,379.46,588.92,595.73,181219.32,186097.29,1580.19,1600.74,362.67,366.93,592.23,599.91,168020.48,175617.15,1544.74,1576.97,400.74,366.79,539.40,151294.00,1474.81,365.26,23.54,397.20,306.24,570.17,21.93,596.60,527.85,0.63,0.02,0.66,0.58,169109.84,14952.05,186587.58,143179.32,1545.26,48.70,1601.15,1454.10,241, 2
6081_W241_T2_000000206081000_20211007_08_08_39_843_229.15kg_2.1type_Clipped_c2.pcd,890.01,520.01,384.97,314.23,562.32,149770.60,1538.30,334.01,362.93,569.22,589.44,152388.22,168268.33,1536.37,1541.11,373.29,378.83,610.69,619.17,180841.07,185937.33,1599.61,1625.30,364.20,371.46,581.18,599.82,168769.60,179613.31,1544.13,1576.18,401.25,360.31,571.14,167892.22,1542.66,366.73,19.97,397.00,314.88,587.40,22.07,612.54,560.56,0.61,0.03,0.63,0.55,171800.96,13707.59,186375.74,150387.31,1573.01,46.05,1632.29,1503.71,241, 2
6081_W241_T2_000000206081000_20211007_08_08_39_930_265.15kg_2.9type_Clipped.pcd,890.01,780.01,392.12,332.44,506.86,136564.31,1601.24,340.90,363.58,524.28,622.10,140367.17,177666.70,1537.91,1608.79,367.50,371.40,620.16,622.96,182911.63,188093.38,1622.63,1638.72,366.89,380.28,599.85,590.25,178770.15,180320.35,1604.82,1587.83,406.41,381.67,491.53,159746.39,1476.70,369.84,18.03,402.55,335.23,567.15,50.43,621.35,481.64,0.66,0.08,0.81,0.58,172990.33,13245.34,188549.66,143379.06,1566.56,65.58,1641.68,1443.90,241, 2
6081_W241_T2_000000206081000_20211007_08_08_39_930_265.15kg_2.9type_Clipped_c2.pcd,870.01,770.01,391.59,332.47,518.05,140524.48,1621.14,340.72,363.93,560.62,620.99,144391.24,178409.13,1642.85,1616.10,366.98,371.35,619.57,621.25,182317.09,188447.16,1628.16,1647.01,367.23,382.60,603.00,591.28,179300.06,180667.22,1601.03,1577.38,407.34,383.37,483.98,160193.30,1464.95,369.90,18.21,400.63,335.43,573.91,50.17,617.90,479.90,0.65,0.09,0.82,0.58,174525.59,12608.37,188414.36,146972.19,1583.05,68.85,1649.53,1448.07,241, 2
6081_W241_T2_000000206081000_20211007_08_08_39_979_279.88kg_3.1type_Clipped.pcd,930.01,450.00,390.08,331.35,592.06,152142.35,1659.56,340.47,366.59,619.78,618.04,155382.73,183061.87,1651.41,1636.32,371.34,375.62,618.32,625.09,187370.45,192140.09,1638.58,1650.00,370.18,371.33,597.08,603.82,176890.19,184495.73,1600.62,1611.40,399.17,365.84,583.52,174055.49,1591.52,371.24,18.13,400.24,334.54,577.66,47.02,619.38,484.48,0.65,0.09,0.81,0.57,177389.24,9995.46,192997.90,159831.29,1583.12,60.55,1649.08,1479.11,241, 2
6247_W235_T2_000000006247000_20211007_08_12_36_168_287.43kg_2.4type_Clipped_c1.pcd,880.01,900.01,386.93,299.33,596.88,136676.12,1563.56,306.52,353.92,609.57,622.70,138552.24,169223.82,1544.05,1606.56,358.85,366.33,622.94,630.75,174414.20,181625.19,1606.62,1623.29,364.47,379.22,595.36,601.70,171758.33,171103.60,1572.65,1604.95,392.36,329.99,535.91,138472.79,1471.11,359.64,23.36,386.85,299.64,579.25,46.79,628.71,491.56,0.63,0.08,0.78,0.49,165668.29,12476.05,183463.93,140671.17,1559.76,67.74,1640.32,1433.82,235, 2
6247_W235_T2_000000006247000_20211007_08_12_36_246_280.76kg_3.1type_Clipped_c1.pcd,970.01,520.01,378.65,283.71,604.73,143364.28,1613.51,295.58,341.63,611.49,612.02,144133.12,170754.27,1584.10,1589.89,353.65,357.08,613.20,620.90,174825.07,178486.25,1590.14,1605.47,368.90,364.85,582.87,598.95,166878.39,173196.64,1535.11,1564.71,393.53,370.23,537.26,160987.56,1470.36,355.95,27.18,389.75,290.70,596.92,17.70,618.13,558.11,0.58,0.05,0.66,0.49,169133.77,10074.26,180079.31,147177.77,1574.57,33.50,1617.25,1503.31,235, 2
6247_W235_T2_000000006247000_20211007_08_12_36_246_280.76kg_3.1type_Clipped_c2.pcd,940.01,530.01,378.49,291.41,595.96,138095.92,1597.29,295.94,338.58,602.16,612.01,140606.27,168192.98,1577.70,1586.10,353.19,357.31,613.40,622.58,174521.56,178574.98,1587.57,1603.45,368.44,364.68,592.28,594.42,169673.34,173501.29,1548.82,1550.23,393.22,367.76,559.63,160510.07,1498.19,355.90,27.09,391.83,293.24,598.73,12.63,617.72,582.70,0.57,0.04,0.63,0.49,167903.38,12515.46,179569.58,139850.66,1572.80,26.48,1621.06,1539.30,235, 2
6247_W235_T2_000000006247000_20211007_08_12_36_331_299.72kg_2.1type_Clipped_c2.pcd,910.01,560.01,358.10,291.23,551.53,130717.17,1433.25,296.12,357.62,567.21,583.39,132940.05,172972.60,1474.62,1567.94,361.63,367.31,595.86,609.55,178284.03,184682.03,1599.04,1622.82,369.41,369.66,594.82,597.26,173459.18,175144.93,1587.13,1585.13,408.98,366.19,594.84,166145.75,1588.22,354.65,29.45,404.89,292.47,584.26,15.75,605.64,558.15,0.60,0.03,0.62,0.52,170973.37,15664.85,185021.75,136100.82,1582.80,39.38,1623.97,1493.43,235, 2
6247_W235_T2_000000006247000_20211007_08_12_36_366_308.76kg_3.4type_Clipped_c1.pcd,910.01,580.01,361.24,286.27,539.35,127428.72,1453.01,291.32,349.25,559.03,594.78,131083.52,172945.58,1467.35,1583.09,361.81,372.93,609.76,624.77,180300.71,187335.64,1608.21,1630.83,373.41,374.36,603.17,600.46,174972.57,176479.65,1591.76,1584.24,419.40,366.04,543.32,158408.70,1491.76,353.69,34.56,415.52,284.16,590.61,20.81,619.54,551.77,0.59,0.04,0.64,0.51,169973.33,18205.95,189264.39,130316.46,1574.75,54.65,1638.97,1463.85,235, 2
6247_W235_T2_000000006247000_20211007_08_12_36_366_308.76kg_3.4type_Clipped_c2.pcd,900.01,570.01,361.09,284.99,547.13,126239.92,1476.05,291.42,349.04,559.25,600.22,131446.76,173397.35,1464.36,1580.21,363.51,372.67,608.05,616.24,181012.34,187095.64,1605.70,1633.91,373.47,374.06,601.17,598.99,174379.09,175977.91,1559.24,1566.89,418.99,367.21,584.34,164371.52,1531.38,353.33,34.52,415.26,283.53,584.22,20.91,611.88,547.96,0.62,0.07,0.74,0.51,173074.52,16365.32,188426.26,130858.51,1573.83,50.70,1643.95,1466.06,235, 2
6247_W235_T2_000000006247000_20211007_08_12_37_395_251.96kg_2.1type_Clipped_c1.pcd,910.01,570.01,418.49,370.02,605.22,176451.47,1655.92,369.95,370.02,634.86,633.13,193520.60,191875.58,1664.70,1672.08,370.08,380.24,643.35,661.08,199109.11,205163.73,1683.15,1711.25,365.91,364.82,590.32,638.34,183908.17,197837.95,1624.28,1680.51,407.84,364.28,568.94,184433.76,1636.04,380.20,18.76,418.58,355.73,619.19,25.15,654.72,572.79,0.61,0.04,0.69,0.57,196331.90,10820.82,218361.01,179004.19,1683.93,48.22,1783.95,1599.46,235, 2
6247_W235_T2_000000006247000_20211007_08_12_37_395_251.96kg_2.1type_Clipped_c2.pcd,950.01,530.01,427.02,366.18,590.98,180242.97,1657.20,367.12,371.59,619.73,645.93,186301.74,195225.86,1651.65,1677.27,371.33,381.07,647.84,667.80,201060.01,205723.33,1691.96,1719.04,361.77,367.00,610.18,640.11,182577.67,199187.34,1621.33,1684.41,408.18,364.51,584.67,184068.44,1623.89,382.32,20.42,426.78,355.20,634.29,17.62,663.20,609.90,0.58,0.01,0.60,0.56,195410.86,9302.27,206911.80,181998.55,1674.52,32.24,1729.43,1619.46,235, 2
6247_W235_T2_000000006247000_20211007_08_12_37_487_265.87kg_2.0type_Clipped.pcd,1020.01,570.01,425.32,337.44,578.78,157911.80,1611.60,343.78,366.12,605.59,645.83,163294.57,187638.76,1620.41,1684.15,375.45,384.79,658.18,662.34,201781.57,204876.91,1707.35,1727.23,353.41,363.53,586.53,652.50,171427.45,197806.05,1563.63,1686.50,424.94,356.80,545.21,161873.89,1511.88,381.47,27.47,423.61,337.78,626.16,38.00,684.81,555.68,0.60,0.06,0.75,0.56,195052.36,19121.87,226828.40,162608.73,1685.82,73.16,1852.75,1526.40,235, 2
6263_W306_T3_20211007_08_07_42_282_340.83kg_3.4type_Clipped_c2.pcd,970.01,520.01,412.38,335.12,575.79,149340.12,1646.26,344.70,381.26,597.76,652.61,151596.21,201582.85,1660.25,1734.61,386.69,398.46,652.62,657.49,203953.62,210371.79,1730.42,1727.80,394.36,395.13,642.12,648.45,205398.89,207530.31,1693.99,1710.67,455.51,391.96,633.83,203919.89,1712.68,394.84,31.49,452.71,332.59,635.09,25.78,660.82,582.44,0.59,0.02,0.62,0.56,196314.72,20734.10,211888.13,151571.88,1707.33,40.43,1749.88,1623.45,306, 3
6263_W306_T3_20211007_08_12_36_246_280.76kg_3.1type_Clipped.pcd,870.01,540.01,432.05,373.43,677.04,198347.55,1766.44,381.29,390.21,681.39,673.20,205076.37,209089.03,1770.84,1751.42,401.00,406.28,666.45,673.00,212935.10,216068.26,1746.99,1759.02,396.57,400.96,631.80,660.92,198223.37,211539.93,1680.70,1734.16,451.38,393.22,578.89,189269.53,1612.45,406.52,21.66,448.84,373.29,653.02,29.73,678.01,579.89,0.60,0.04,0.68,0.55,207318.71,7782.37,216873.83,192999.50,1733.08,47.16,1773.25,1621.58,306, 3
6263_W306_T3_20211007_08_12_36_331_299.72kg_2.1type_Clipped_c2.pcd,1010.01,590.01,426.51,351.96,623.88,166534.48,1704.45,362.20,381.67,639.29,678.65,169465.23,208752.76,1714.71,1794.55,394.57,401.52,671.39,665.68,212685.76,214267.18,1771.36,1757.43,390.30,395.77,646.45,666.61,205981.87,212015.88,1712.07,1742.38,457.12,400.01,584.31,190563.36,1628.35,403.99,27.33,455.03,354.15,653.18,21.00,675.95,603.25,0.59,0.03,0.65,0.55,204196.36,14263.31,214717.03,171344.24,1739.27,45.13,1809.70,1646.14,306, 3
6263_W306_T3_20211007_08_12_36_366_308.76kg_3.4type_Clipped.pcd,1000.01,560.01,433.69,343.72,632.27,158444.13,1709.08,350.32,386.11,649.33,679.82,160186.91,202466.64,1704.25,1747.47,396.56,404.07,673.70,671.63,210145.69,216020.54,1756.03,1762.25,391.81,397.24,650.81,666.77,206980.30,212440.22,1713.74,1743.66,453.36,391.07,636.08,203074.87,1698.54,401.96,27.77,448.50,343.82,662.06,9.65,674.87,645.76,0.58,0.03,0.61,0.53,200682.57,19910.52,215913.99,159341.81,1737.87,29.65,1772.07,1693.98,306, 3
6263_W306_T3_20211007_08_12_36_366_308.76kg_3.4type_Clipped_c2.pcd,1020.01,560.01,436.20,345.55,606.59,157057.87,1695.60,350.58,392.84,631.72,670.28,159136.59,207721.99,1687.90,1761.72,397.25,400.33,668.52,670.13,210179.14,214383.22,1759.34,1757.21,391.42,394.44,651.85,660.94,207879.62,211308.77,1727.42,1741.37,451.76,391.44,639.01,203684.69,1708.08,402.59,27.77,448.78,344.46,658.16,12.14,665.75,628.31,0.58,0.03,0.61,0.54,201125.77,19666.70,215505.33,159520.98,1741.08,30.89,1769.56,1671.04,306, 3
6263_W306_T3_20211007_08_12_37_395_251.96kg_2.1type_Clipped_c2.pcd,970.01,520.01,443.07,339.98,650.91,169996.19,1735.32,351.79,375.51,655.14,663.68,170513.70,196339.12,1722.45,1719.16,394.90,404.94,662.91,665.72,205298.47,209122.02,1729.51,1734.09,393.63,398.90,642.72,653.24,199304.22,207839.12,1694.71,1721.52,450.66,391.08,623.31,193580.45,1667.10,402.35,29.14,446.92,345.36,649.31,10.17,660.45,630.06,0.59,0.03,0.62,0.53,199721.60,11834.80,211338.59,174069.84,1714.59,19.10,1736.83,1675.06,306, 3
6647_W211_T2_000000006647000_20210527_08_24_33_822.pcd,940.01,570.01,376.98,271.49,619.70,143515.88,1564.09,289.41,293.30,623.60,650.28,143126.54,165132.34,1603.54,1636.33,303.44,308.04,636.68,631.57,163474.67,163484.75,1612.05,1608.14,335.04,331.09,604.83,608.63,155237.57,156433.51,1562.87,1565.03,390.92,348.47,526.36,150436.31,1464.72,331.04,36.39,390.23,273.97,614.85,38.77,676.00,543.42,0.53,0.08,0.68,0.45,165852.32,18139.89,207203.50,145412.12,1602.22,78.44,1783.87,1471.09,211, 2
6647_W211_T2_000000006647000_20210527_08_24_33_954.pcd,970.01,590.01,376.92,268.89,578.82,128456.12,1510.35,281.94,290.89,595.06,653.87,131979.40,158593.01,1521.81,1639.84,306.54,320.32,638.06,623.26,159841.11,161149.35,1612.50,1586.96,329.56,330.15,606.20,604.82,155891.32,157076.34,1542.24,1550.79,388.11,342.87,518.77,140107.88,1420.30,327.83,35.60,386.99,270.65,615.01,24.66,655.68,578.89,0.50,0.05,0.57,0.43,154293.99,8928.55,162079.78,133739.28,1579.42,47.03,1656.56,1505.95,211, 2
6647_W211_T2_000000006647000_20210527_08_24_34_054.pcd,1010.01,580.01,377.13,275.64,516.77,118202.89,1411.69,285.68,293.50,562.18,651.52,119995.37,153436.29,1470.12,1639.56,309.84,307.68,635.24,643.47,159486.75,161373.30,1609.21,1632.80,331.00,329.41,597.65,599.39,155321.09,157964.67,1553.56,1544.75,387.77,341.53,540.97,142608.95,1458.29,330.80,33.64,385.44,276.04,606.11,32.76,648.61,555.18,0.51,0.05,0.59,0.43,153593.64,10458.36,162077.73,127300.80,1573.33,55.47,1653.07,1493.51,211, 2
6647_W211_T2_000000006647000_20210527_08_24_34_232.pcd,970.01,570.01,360.79,271.51,591.38,129279.64,1536.43,286.87,292.33,599.05,620.16,134606.43,150269.32,1546.32,1584.56,307.90,301.64,630.28,647.02,161843.62,164162.03,1596.09,1636.90,326.24,316.54,596.56,607.62,152721.77,158324.25,1532.20,1545.10,379.98,329.62,563.49,142726.15,1474.87,326.35,30.29,377.96,272.55,587.65,37.18,640.37,514.20,0.55,0.09,0.74,0.45,155885.02,9586.71,166307.42,133808.08,1552.66,46.77,1644.32,1489.25,211, 2
6647_W211_T2_000000006647000_20210527_08_24_34_386.pcd,910.01,480.00,362.18,274.51,619.53,147073.50,1590.73,284.27,286.71,631.80,641.74,150218.91,155039.05,1585.57,1606.81,303.87,292.00,626.25,647.62,159344.17,160034.47,1576.49,1626.20,327.57,307.44,593.74,615.04,151538.66,158813.71,1527.59,1549.19,378.84,324.52,583.36,150854.84,1510.27,327.38,30.48,376.32,276.62,612.66,23.22,638.54,578.90,0.50,0.05,0.56,0.44,156403.72,4318.13,161529.63,150318.29,1570.13,41.40,1630.32,1520.70,211, 2
6674_W203_T1_20210930_08_09_39_368_185.66kg_1.1type_Clipped.pcd,930.01,540.01,373.71,296.01,514.88,121579.73,1416.20,295.44,302.76,540.74,555.38,123940.31,135583.63,1427.65,1455.73,307.96,310.94,572.96,583.07,143164.16,145366.04,1456.31,1463.49,303.30,305.72,545.18,569.11,134355.13,143522.67,1403.89,1442.19,349.02,301.47,483.71,125197.52,1333.67,322.70,24.69,368.12,289.62,545.24,24.47,575.03,491.59,0.55,0.03,0.62,0.54,136932.28,8356.72,146356.06,122752.65,1432.04,37.99,1474.34,1344.01,203, 1
6674_W203_T1_20210930_08_09_39_368_185.66kg_1.1type_Clipped_c1.pcd,950.01,540.01,373.08,291.35,535.53,122895.11,1449.03,297.76,303.20,546.94,558.24,124181.09,136124.40,1449.43,1445.53,308.29,311.27,574.16,580.11,143326.84,145476.26,1458.12,1464.73,302.81,305.73,533.28,572.82,132118.21,143475.65,1370.57,1448.95,348.97,299.19,488.38,124238.88,1330.34,321.79,24.25,366.39,290.93,550.88,16.44,573.00,521.70,0.55,0.01,0.57,0.54,138241.27,7709.55,146664.38,123726.20,1437.33,31.69,1467.53,1366.34,203, 1
6674_W203_T1_20210930_08_09_39_402_178.46kg_1.1type_Clipped_c1.pcd,950.01,610.01,363.60,302.69,497.26,117264.67,1464.11,292.51,297.25,536.29,551.59,121112.43,132625.00,1438.65,1431.55,309.42,314.07,571.03,575.40,143573.14,146584.95,1458.44,1463.85,305.35,306.53,542.86,568.34,134836.10,143086.86,1392.61,1442.82,348.94,305.21,476.38,123560.51,1318.55,319.79,23.09,358.93,280.80,543.41,23.30,568.38,494.84,0.55,0.02,0.61,0.53,136613.03,10045.72,147148.08,119067.40,1433.69,39.15,1473.36,1340.45,203, 1
6674_W203_T1_20210930_08_09_39_402_178.46kg_1.1type_Clipped_c2.pcd,940.01,570.01,363.47,284.30,523.54,119221.45,1437.24,295.58,302.91,537.65,558.35,119407.04,135231.85,1447.54,1445.04,309.27,313.05,570.01,576.22,142689.79,146877.99,1456.71,1469.65,304.38,306.14,548.08,561.07,136922.50,141814.73,1398.07,1427.16,346.88,305.02,479.44,124261.94,1324.50,319.67,22.12,358.08,281.02,533.83,27.71,571.39,485.10,0.58,0.05,0.69,0.53,140255.22,10987.04,158687.81,120956.95,1429.18,45.10,1488.56,1328.16,203, 1
6674_W203_T1_20210930_08_09_39_482_187.44kg_1.5type_Clipped.pcd,940.01,540.01,353.06,265.94,527.95,115007.01,1383.08,273.01,309.76,538.27,562.87,115913.39,141307.72,1392.18,1474.24,312.01,316.57,565.32,568.37,143866.19,147182.83,1463.37,1452.90,314.66,315.02,540.89,548.40,137097.82,140247.07,1385.10,1402.81,353.42,307.80,474.23,125783.70,1318.84,317.36,23.31,349.94,266.43,537.92,25.97,564.81,477.70,0.56,0.04,0.65,0.51,136601.85,11204.01,149023.20,116088.03,1420.91,53.60,1476.59,1322.23,203, 1
6674_W203_T1_20210930_08_09_39_482_187.44kg_1.5type_Clipped_c3.pcd,950.01,550.01,352.80,265.53,530.72,115483.21,1396.41,275.58,308.74,542.91,562.92,115316.67,140531.50,1410.33,1472.25,310.82,316.96,566.34,571.60,143030.24,147802.75,1461.79,1459.64,313.17,313.46,541.40,545.58,137898.77,140353.56,1387.62,1406.37,353.24,305.51,474.48,125848.28,1324.64,316.48,22.89,349.83,266.81,544.56,16.25,561.41,512.98,0.55,0.03,0.60,0.50,138014.82,10701.34,149062.48,117656.43,1432.84,40.30,1475.86,1360.00,203, 1
6674_W203_T1_20210930_08_09_39_572_190.76kg_1.5type_Clipped.pcd,940.01,560.01,349.74,261.68,533.85,110757.66,1426.23,265.78,304.54,542.22,558.30,112521.27,138135.28,1410.89,1460.19,313.08,320.93,561.56,561.60,143487.33,148070.71,1457.06,1447.10,318.51,318.39,541.82,546.60,139563.43,142005.75,1395.97,1414.64,354.54,312.26,482.66,128684.12,1326.91,316.75,25.14,348.81,257.29,542.71,10.72,559.89,528.31,0.55,0.04,0.59,0.48,136593.33,13728.22,149501.12,111780.53,1436.65,31.37,1478.37,1392.62,203, 1
6674_W203_T1_20210930_08_09_39_572_190.76kg_1.5type_Clipped_c1.pcd,950.01,580.01,349.78,264.77,537.70,108422.64,1449.87,265.13,301.88,551.39,554.60,112269.24,135604.89,1415.90,1440.74,312.69,319.51,558.78,561.40,142827.01,147583.77,1448.01,1443.09,314.32,316.45,530.08,541.52,137070.32,141320.85,1376.79,1394.82,353.07,311.82,482.17,128482.97,1335.36,316.29,24.93,349.12,258.33,538.85,17.32,553.60,494.38,0.56,0.05,0.62,0.48,135029.79,13461.13,148211.78,110888.30,1421.20,34.94,1461.42,1352.51,203, 1
6818_W218_T2_000000006818000_20211007_08_07_39_750_176.15kg_2.0type_Clipped_c1.pcd,830.01,810.01,370.10,279.57,584.94,131416.50,1521.55,296.50,326.83,589.38,624.43,133516.17,168000.60,1538.35,1599.98,326.82,330.30,624.69,628.81,169537.20,174962.92,1604.48,1620.00,332.12,346.82,614.68,593.84,171440.28,164969.68,1603.31,1584.49,362.40,331.34,470.74,135461.82,1384.84,336.93,21.86,368.47,289.92,584.05,45.37,619.88,491.23,0.57,0.08,0.71,0.49,161874.69,12812.39,175398.22,136579.94,1558.45,76.04,1619.07,1407.47,218, 2
6818_W218_T2_000000006818000_20211007_08_07_39_825_206.20kg_1.9type_Clipped_c2.pcd,870.01,610.01,389.56,309.32,566.09,138016.05,1487.70,321.90,313.75,581.13,627.29,143103.48,166770.27,1510.45,1616.07,312.68,317.94,624.53,629.19,166153.28,171266.93,1608.55,1623.66,320.97,327.25,626.25,625.80,168513.08,167869.59,1612.95,1616.72,357.63,353.52,518.06,159855.82,1500.93,337.37,26.84,385.04,303.17,610.18,17.35,626.19,571.27,0.52,0.02,0.57,0.50,164236.31,9517.44,172069.83,140921.65,1598.60,41.09,1630.09,1505.06,218, 2
6818_W218_T2_000000006818000_20211007_08_07_39_865_208.37kg_2.1type_Clipped_c2.pcd,900.01,500.01,385.20,306.90,560.79,135822.89,1500.87,310.16,314.47,569.75,622.73,139082.26,164488.91,1512.39,1604.62,314.61,317.68,625.90,629.47,167110.38,170407.83,1614.37,1622.52,322.41,320.49,605.24,617.44,160739.75,165339.68,1576.87,1601.17,357.99,323.55,563.57,154710.57,1542.34,336.25,25.65,379.57,302.40,608.61,18.52,621.87,565.01,0.51,0.01,0.54,0.50,162718.87,9911.49,171203.67,140330.93,1599.45,33.64,1631.08,1520.53,218, 2
6818_W218_T2_000000006818000_20211007_08_07_40_089_253.33kg_1.5type_Clipped.pcd,850.01,510.01,358.54,283.35,479.86,112491.09,1331.85,285.30,310.34,569.87,605.19,118488.29,151204.79,1505.81,1561.11,321.01,326.54,617.36,623.17,165196.68,171391.81,1597.44,1612.26,329.04,324.30,601.51,613.11,168977.22,172367.61,1584.86,1604.59,370.39,331.53,589.95,164505.31,1580.65,330.83,25.21,366.58,276.26,574.84,49.29,622.84,482.26,0.57,0.08,0.73,0.48,155797.96,18427.41,173566.11,114234.17,1539.23,89.78,1633.95,1364.17,218, 2
6818_W218_T2_000000006818000_20211007_08_07_40_089_253.33kg_1.5type_Clipped_c1.pcd,850.01,490.00,358.77,280.53,479.19,110092.69,1360.22,285.88,308.98,569.60,617.17,120061.09,151377.66,1517.75,1579.10,321.58,327.87,625.68,629.84,166825.19,171773.02,1603.58,1608.46,329.37,323.80,604.86,621.35,169067.73,173588.59,1586.49,1619.13,370.21,331.13,596.11,165600.19,1568.79,331.38,24.31,365.38,277.71,603.06,30.67,628.31,531.52,0.51,0.02,0.54,0.48,157645.65,21995.90,174329.50,113739.12,1584.05,53.44,1629.68,1461.95,218, 2
6818_W218_T2_000000006818000_20211007_08_07_40_120_245.83kg_1.4type_Clipped.pcd,810.01,860.01,367.26,288.96,544.31,121519.98,1511.39,286.73,310.80,593.22,623.47,129872.21,158869.20,1555.44,1588.01,317.89,320.59,624.99,629.19,167266.88,172947.65,1606.65,1623.03,328.40,355.24,611.79,583.39,169086.21,166712.20,1586.24,1539.01,370.29,323.80,497.41,134777.46,1400.55,332.35,25.59,365.71,275.42,577.55,49.78,624.80,486.84,0.57,0.09,0.73,0.48,158228.16,15644.08,173432.64,123093.47,1542.93,82.75,1627.77,1381.48,218, 2
6818_W218_T2_000000006818000_20211007_08_07_40_120_245.83kg_1.4type_Clipped_c1.pcd,820.01,850.01,367.15,284.58,514.40,116591.66,1507.76,285.25,314.25,558.06,627.67,123617.39,161721.66,1521.72,1596.34,317.65,320.29,624.92,623.30,166547.25,172399.71,1608.52,1617.27,327.64,356.66,606.35,576.68,168824.10,165894.84,1592.73,1521.32,368.91,329.98,505.06,137087.98,1414.52,332.12,25.75,365.21,276.95,574.82,49.92,629.46,486.95,0.58,0.09,0.73,0.48,157714.96,16044.50,172942.13,120323.79,1540.54,87.90,1627.90,1373.75,218, 2
6963_W184_T1_000000006963000_20210527_08_13_35_743.pcd,760.01,730.01,392.87,311.88,539.72,139083.82,1456.45,330.46,328.58,549.64,574.02,141569.74,152363.05,1473.44,1475.36,333.68,342.67,570.36,576.96,154484.92,160000.13,1486.48,1507.96,339.01,340.31,552.08,560.62,149221.18,151672.63,1457.84,1507.30,348.33,302.31,451.63,114442.56,1316.08,339.04,20.35,381.84,309.62,526.64,47.69,569.16,450.16,0.63,0.06,0.76,0.57,145553.27,13403.11,161264.29,118967.81,1442.65,79.15,1524.17,1292.93,184, 1
6963_W184_T1_000000006963000_20210527_08_13_35_827.pcd,820.01,610.01,383.31,308.83,531.91,140229.96,1447.09,330.87,327.04,548.13,576.12,146065.76,148124.18,1514.65,1464.05,326.32,326.47,582.46,589.01,152166.50,156048.82,1492.56,1519.45,326.96,326.87,563.34,567.01,142789.60,143926.28,1447.36,1466.36,337.97,331.60,450.82,129205.88,1336.09,332.90,22.16,374.91,296.54,554.42,29.84,578.28,474.87,0.58,0.04,0.70,0.56,147824.27,6537.42,156358.13,136900.67,1483.29,36.76,1548.82,1425.64,184, 1
6963_W184_T1_000000006963000_20210527_08_13_35_858.scd,870.01,510.01,378.34,306.89,554.06,136672.97,1466.90,320.12,326.66,564.37,579.92,137532.09,150594.25,1466.26,1486.88,325.21,323.09,588.90,594.64,153438.29,156908.11,1506.50,1527.00,325.42,326.71,555.07,580.60,137552.18,146669.93,1429.92,1473.45,334.44,320.09,477.92,137192.75,1443.62,331.58,18.85,369.63,307.40,563.27,22.20,587.49,512.93,0.57,0.03,0.63,0.54,146991.13,7816.21,158374.97,136607.84,1493.19,48.96,1583.16,1420.83,184, 1
5047_W279_T2_20210930_08_11_41_893_299.84kg_3.0type_Clipped.scd,980.01,570.01,428.74,353.02,560.87,159105.79,1545.82,357.67,365.29,608.80,615.25,175602.77,181592.37,1591.21,1614.83,389.40,389.72,628.77,641.00,203018.73,201534.83,1673.58,1676.33,381.69,387.70,599.67,629.67,183881.06,204162.50,1621.83,1679.54,426.12,376.12,586.87,180679.01,1623.52,391.90,21.00,425.48,347.41,608.88,29.92,661.43,542.77,0.63,0.05,0.75,0.59,194792.25,12618.71,218024.21,162525.25,1661.54,80.19,1853.15,1515.18,279, 2
5382_W295_T3_20210930_08_15_24_977_314.15kg_2.7type_Clipped.scd,1010.01,610.01,416.60,325.02,527.91,137636.59,1504.85,336.27,351.98,547.74,624.36,138924.17,178896.33,1501.36,1610.14,356.74,360.87,637.72,659.01,188821.27,203261.64,1657.27,1726.38,361.08,359.92,629.09,638.40,191672.19,195165.52,1655.10,1675.42,439.76,384.30,573.47,181590.38,1573.80,381.66,35.01,435.75,325.32,615.42,37.92,659.89,537.74,0.57,0.02,0.61,0.55,181908.53,21841.93,205033.38,139298.66,1626.99,88.11,1741.75,1491.03,295, 3
5382_W295_T3_20210930_08_15_24_977_314.15kg_2.7type_Clipped_c1.scd,1020.01,600.01,416.33,326.70,539.12,136056.29,1481.17,340.40,352.97,549.66,628.06,136914.74,180139.78,1488.48,1612.89,356.53,360.30,635.97,652.99,187891.64,201821.99,1648.15,1714.42,361.32,360.68,627.68,630.82,192028.87,193443.90,1655.75,1661.40,439.43,383.15,577.44,182165.61,1588.54,382.15,33.70,436.40,328.16,611.07,34.08,654.89,545.92,0.58,0.03,0.67,0.55,181949.85,20028.90,203644.97,139081.67,1620.56,81.79,1732.71,1475.51,295, 3
6081_W241_T2_000000206081000_20211007_08_08_39_979_279.88kg_3.1type_Clipped.scd,930.01,850.01,390.16,330.89,603.30,154530.01,1717.15,340.79,366.57,631.75,617.74,157144.86,183372.88,1681.94,1637.32,371.29,375.60,617.98,625.60,187573.49,192572.96,1637.76,1646.97,370.26,399.91,595.00,562.08,176417.73,176717.99,1594.81,1541.50,398.79,315.15,607.33,152258.80,1508.95,371.11,18.21,399.41,333.12,577.01,47.44,619.12,486.07,0.65,0.09,0.81,0.56,177319.73,10009.56,193194.46,160840.12,1583.57,58.18,1647.11,1478.86,241, 2
6081_W241_T2_000000206081000_20211007_08_08_39_979_279.88kg_3.1type_Clipped_c1.scd,850.01,460.00,390.24,328.96,552.15,145125.64,1525.71,338.10,365.63,567.80,619.04,147794.93,181664.76,1546.78,1626.83,368.66,375.42,621.39,629.03,185168.55,193178.43,1633.39,1658.28,369.50,371.78,599.96,609.36,181455.07,185870.86,1584.60,1610.79,405.79,364.41,578.25,173911.70,1584.36,370.56,18.53,397.00,333.84,603.48,20.14,623.91,563.72,0.60,0.01,0.62,0.58,180063.86,14015.01,193483.57,150495.89,1610.38,42.71,1659.58,1544.20,241, 2
6081_W241_T2_000000206081000_20211007_08_08_39_979_279.88kg_3.1type_Clipped_c2.scd,940.01,660.01,390.46,332.04,549.03,145287.21,1697.74,340.43,366.82,586.88,624.59,149909.59,184154.67,1631.35,1641.38,371.74,375.81,619.68,624.63,187591.73,191678.88,1639.90,1656.16,371.84,371.71,601.68,599.21,179079.88,179021.34,1613.08,1601.72,397.01,391.22,493.17,167053.24,1497.92,371.16,17.80,398.05,335.17,582.02,44.11,621.40,491.35,0.65,0.08,0.80,0.58,178495.74,10735.10,192794.07,155776.01,1595.39,59.17,1664.02,1479.15,241, 2
6247_W235_T2_000000006247000_20211007_08_12_37_527_274.61kg_2.9type_Clipped_c2.scd,970.01,520.01,437.00,349.66,581.11,156988.67,1638.77,348.63,365.64,613.43,645.51,165222.99,184608.34,1627.91,1662.71,370.27,378.96,655.25,660.29,197238.83,200032.69,1694.82,1714.64,350.28,362.90,599.93,648.55,172330.83,195046.04,1578.51,1673.84,429.49,347.45,581.10,169387.31,1573.45,385.86,31.60,433.20,344.81,634.73,21.47,655.89,595.80,0.57,0.01,0.58,0.56,187950.32,13757.99,200885.28,159610.26,1668.61,39.09,1723.24,1599.36,235, 2
6263_W306_T3_20211007_08_07_42_189_312.49kg_3.4type_Clipped_c2.scd,980.01,560.01,433.31,349.23,637.31,172231.58,1728.99,361.97,376.81,648.51,648.03,173780.80,194978.00,1753.87,1683.26,383.41,390.16,642.47,639.84,199786.84,205018.08,1687.37,1696.18,384.76,386.26,631.17,638.41,196738.35,201412.51,1668.98,1688.55,459.07,397.59,556.39,180470.72,1546.69,400.25,29.89,455.83,350.75,633.69,7.80,646.42,616.55,0.59,0.02,0.62,0.55,196273.67,8859.58,205199.04,176923.10,1687.78,19.74,1711.25,1645.37,306, 3
6263_W306_T3_20211007_08_07_42_282_340.83kg_3.4type_Clipped.scd,970.01,520.01,411.64,334.03,575.00,148781.89,1590.19,346.99,363.73,593.80,642.95,151132.40,191121.00,1636.42,1716.87,385.64,399.04,649.19,652.93,202647.06,209450.78,1728.70,1740.92,394.35,397.02,644.34,649.90,206333.86,209074.31,1707.37,1710.57,456.11,391.80,636.29,203714.52,1660.33,394.81,31.20,451.66,333.46,634.39,22.99,652.23,583.01,0.59,0.02,0.62,0.56,196499.32,20048.71,210162.60,152053.95,1705.68,43.27,1754.75,1602.79,306, 3
6263_W306_T3_20211007_08_07_42_282_340.83kg_3.4type_Clipped_c1.scd,950.01,520.01,413.60,332.57,583.32,151241.15,1626.75,342.85,382.54,596.29,648.17,152733.99,201575.86,1640.42,1737.34,388.67,398.41,651.88,656.08,204975.13,210915.49,1732.53,1729.30,394.49,394.59,642.82,651.03,205922.83,208338.12,1699.71,1715.46,455.67,393.86,631.96,203685.07,1683.44,394.71,31.15,451.42,333.89,636.40,20.77,655.12,589.23,0.59,0.02,0.62,0.56,197671.56,19374.20,211124.70,154417.10,1712.10,39.08,1749.14,1623.52,306, 3
6263_W306_T3_20211007_08_07_42_282_340.83kg_3.4type_Clipped_c2.scd,960.01,530.01,413.28,334.62,562.03,148416.89,1623.60,343.31,381.51,588.15,649.77,151055.00,201443.94,1639.46,1738.65,388.41,398.69,648.98,652.11,204264.71,209457.15,1733.22,1726.59,394.10,394.91,650.42,651.49,206338.09,207291.64,1712.04,1719.92,455.61,392.28,635.50,203107.18,1687.59,394.93,31.10,451.99,333.52,632.20,27.67,651.16,569.84,0.60,0.02,0.62,0.56,195938.75,20703.58,209773.51,150788.77,1710.85,41.46,1755.56,1616.75,306, 3
6647_W211_T2_000000006647000_20210527_08_24_33_954.scd,980.01,600.01,376.53,268.83,575.81,128874.81,1505.44,282.06,287.11,595.15,652.76,130886.69,154999.56,1513.86,1625.11,307.13,306.02,636.27,642.49,159693.71,160906.89,1603.16,1610.49,329.79,329.82,605.10,602.09,155521.95,157781.67,1536.94,1547.41,388.10,344.35,517.56,141315.60,1421.98,328.37,37.10,388.03,269.70,606.62,35.33,654.90,527.23,0.51,0.07,0.67,0.43,153611.55,8478.60,161757.63,134308.24,1559.00,62.46,1643.16,1430.95,211, 2
6647_W211_T2_000000006647000_20210527_08_24_34_007.scd,1030.01,620.01,373.55,272.62,587.88,125091.91,1534.40,293.22,287.78,598.64,638.56,127114.26,148327.35,1540.13,1615.49,305.17,308.26,636.03,640.58,157614.59,161025.99,1608.86,1617.26,331.27,329.86,610.48,606.82,157693.79,158643.39,1561.33,1551.38,387.95,342.60,528.90,141401.43,1445.85,329.07,35.85,384.02,267.83,614.80,18.02,640.80,592.16,0.49,0.05,0.55,0.43,152758.58,11666.59,162121.39,126459.39,1580.58,35.56,1627.78,1527.95,211, 2
6647_W211_T2_000000006647000_20210527_08_24_34_054.scd,1000.01,600.01,376.36,276.81,557.64,118979.74,1467.03,286.85,293.02,575.89,640.70,121591.54,153465.41,1480.26,1625.74,310.29,309.62,629.73,637.22,159021.98,160866.14,1593.23,1597.90,330.09,330.32,603.77,600.14,155586.21,157721.27,1543.42,1544.92,386.80,341.83,540.35,141878.84,1446.14,329.57,33.28,383.54,273.54,603.25,27.36,640.31,551.95,0.52,0.06,0.63,0.44,152553.35,10888.52,161581.06,123801.86,1560.61,51.32,1642.88,1464.12,211, 2
6647_W211_T2_000000006647000_20210527_08_24_34_108.scd,990.01,630.01,363.27,286.32,565.17,123149.36,1516.64,291.86,297.25,599.89,648.21,128998.22,155650.38,1536.16,1635.47,310.75,311.06,628.24,628.61,159160.76,160155.03,1592.16,1586.26,328.00,327.06,609.83,599.94,155180.14,156317.40,1549.57,1541.92,384.34,341.79,532.52,141249.43,1449.00,326.79,29.26,382.46,281.23,592.69,33.32,645.80,532.83,0.55,0.08,0.72,0.44,154608.41,11740.85,174220.49,126109.45,1567.58,44.96,1633.08,1453.66,211, 2
6647_W211_T2_000000006647000_20210527_08_24_34_139.scd,990.01,610.01,364.52,285.60,588.45,120752.26,1540.44,291.40,301.38,604.36,633.76,128957.23,155286.84,1558.35,1609.10,310.97,311.19,623.37,628.66,158716.36,160622.57,1581.68,1580.34,326.89,326.78,606.61,600.58,154213.59,155829.02,1547.02,1542.56,384.55,333.26,548.14,140201.42,1459.07,327.15,28.75,384.35,281.10,607.51,16.14,633.80,588.54,0.50,0.03,0.55,0.46,152472.98,10675.99,160853.81,125770.54,1568.95,26.49,1617.26,1533.71,211, 2
6674_W203_T1_20210930_08_09_39_572_190.76kg_1.5type_Clipped_c3.scd,920.01,520.01,349.32,256.16,529.31,112045.14,1381.25,264.88,312.46,544.24,559.60,112296.50,142649.35,1407.89,1460.39,311.55,319.58,560.32,558.60,142453.70,147268.18,1446.53,1445.78,316.39,316.66,537.51,536.17,139595.86,140235.76,1396.02,1397.71,353.88,309.94,479.69,128073.89,1329.38,316.21,25.74,349.38,256.46,539.14,16.38,553.05,503.39,0.56,0.04,0.61,0.48,137246.31,12368.83,149124.35,113348.11,1422.58,35.28,1471.06,1359.12,203, 1
6674_W203_T1_20210930_08_09_39_572_190.76kg_1.5type_Clipped_c4.scd,930.01,520.01,349.96,256.65,534.77,113332.17,1407.54,265.27,311.55,548.62,558.28,113246.12,142106.34,1412.55,1452.91,312.26,319.44,557.69,558.66,142737.93,147141.26,1445.24,1438.69,315.48,316.33,536.95,539.93,138776.46,140363.64,1386.35,1392.04,353.68,307.45,481.92,128476.47,1316.68,316.21,25.94,350.57,259.10,537.80,17.78,555.96,497.39,0.57,0.04,0.62,0.50,137672.66,11232.29,148425.69,115828.05,1417.73,39.60,1459.37,1338.40,203, 1
6818_W218_T2_000000006818000_20211007_08_07_39_991_250.60kg_2.2type_Clipped_c1.scd,960.01,590.01,361.09,295.01,482.64,114633.86,1462.89,298.41,318.50,515.17,616.01,117881.60,160935.90,1450.34,1590.49,321.39,324.74,616.40,615.76,164865.48,169984.08,1588.85,1587.67,325.85,325.37,601.74,604.30,164759.25,167408.01,1567.63,1576.90,366.38,330.04,565.14,147712.70,1510.23,331.99,21.43,366.01,288.19,591.94,32.12,612.56,505.25,0.53,0.02,0.57,0.49,156559.34,17673.16,170662.32,116600.28,1559.53,51.62,1597.93,1433.87,218, 2
6818_W218_T2_000000006818000_20211007_08_07_40_089_253.33kg_1.5type_Clipped_c1.scd,860.01,500.00,359.00,273.26,482.30,107767.75,1364.15,286.60,323.36,540.78,621.03,116569.12,163831.94,1461.82,1595.69,322.06,323.23,619.03,616.90,166936.07,173045.84,1594.07,1605.11,330.65,328.38,599.73,604.81,167352.84,170058.13,1572.71,1588.09,369.31,331.30,587.72,163443.02,1549.62,330.36,25.16,364.48,272.80,592.56,39.72,619.30,497.98,0.52,0.02,0.55,0.49,156370.88,22997.65,173628.54,109912.21,1562.14,70.33,1613.63,1397.06,218, 2
6818_W218_T2_000000006818000_20211007_08_07_40_120_245.83kg_1.4type_Clipped_c1.scd,850.01,850.01,367.04,283.41,505.83,113956.36,1411.04,285.53,306.83,566.32,618.97,125579.87,154582.22,1507.75,1578.60,318.32,323.29,628.48,636.27,167606.47,171527.58,1612.87,1629.66,329.57,346.61,610.52,602.97,168262.05,169340.89,1587.09,1565.33,367.82,323.04,487.52,135210.06,1339.39,331.82,25.61,365.30,276.76,576.75,51.95,631.39,487.85,0.57,0.09,0.73,0.48,157693.78,16429.61,173349.01,118653.52,1539.30,89.83,1633.32,1382.29,218, 2
6963_W184_T1_000000006963000_20210527_08_13_35_774.scd,800.01,750.01,387.16,298.45,553.67,140882.41,1456.39,336.48,325.42,565.50,577.56,152790.04,149508.90,1501.65,1474.11,325.53,330.66,579.23,587.67,151523.07,157123.76,1491.41,1517.68,330.76,334.25,565.35,532.20,147681.91,146578.57,1465.39,1477.61,344.58,281.50,536.78,118577.51,1422.10,334.59,20.45,375.75,307.81,534.36,40.50,579.70,459.18,0.61,0.06,0.74,0.54,142842.73,11700.38,158105.01,122315.65,1441.60,68.96,1525.91,1332.60,184, 1
6963_W184_T1_000000006963000_20210527_08_13_35_827.scd,830.01,590.01,383.73,307.87,545.06,139569.69,1446.20,346.38,326.89,586.62,576.03,156610.12,148874.39,1517.30,1462.91,324.73,325.21,579.38,590.86,151167.70,156197.22,1487.49,1511.57,327.83,327.44,567.13,584.16,146924.73,147843.98,1471.68,1519.33,339.58,333.55,442.48,129343.88,1326.13,333.82,22.51,376.18,298.48,557.21,42.17,618.72,455.71,0.58,0.06,0.74,0.52,148448.94,8059.52,157334.71,133175.49,1491.05,67.78,1630.20,1367.49,184, 1
